primary,second1,second2
AI,ml,fraud detection
AI,ml,fraud detection
AI,reco,fraud detection
AI,reco,fraud detection
AI,reco,analytics
5G,communication,wifi6
5G,communication,wifi6
5G,5Gstation,communication
5G,LTE,5Gstation
5G,communication,LTE
AI,ml,automation
AI,ml,automation
AI,robots,ml
AI,robots,fraud dection
AI,fraud dection,analytics
5G,communication,Media
5G,communication,wifi6
5G,5Gstation,Media
5G,LTE,5Gstation
5G,Media,LTE
AI,ml,automation
AI,ml,automation
AI,robots,ml
AI,robots,fraud dection
AI,fraud dection,analytics
5G,communication,Media
5G,communication,wifi6
5G,5Gstation,Media
5G,communication,wifi6
5G,Media,LTE
AI,reco,fraud detection
AI,ml,automation
AI,robots,ml
AI,reco,analytics
AI,fraud dection,analytics
5G,communication,Media
5G,communication,wifi6
5G,5Gstation,Media
5G,LTE,5Gstation
5G,Media,LTE
AI,ml,automation
AI,robots,fraud dection
AI,robots,ml
AI,robots,fraud dection
AI,fraud dection,analytics
5G,communication,Media
5G,communication,wifi6
5G,5Gstation,Media
5G,LTE,5Gstation
5G,communication,wifi6
Automotive,green energy,communication
Automotive,CO2,communication
Automotive,CO2,electrical
Automotive,satallite,electrical
Automotive,satallite,radio
IoT,wearable,health
IoT,watch,health
IoT,wearable,appliances
IoT,appliances,cars
IoT,wearable,shoes
Automotive,green energy,communication
Automotive,CO2,communication
Automotive,CO2,electrical
Automotive,satallite,electrical
Automotive,satallite,radio
IoT,wearable,health
IoT,watch,health
IoT,wearable,appliances
IoT,appliances,cars
IoT,wearable,shoes
Automotive,green energy,communication
Automotive,CO2,communication
Automotive,CO2,electrical
Automotive,satallite,electrical
Automotive,satallite,radio
IoT,wearable,health
IoT,watch,health
IoT,wearable,appliances
IoT,appliances,cars
IoT,wearable,shoes
Automotive,green energy,communication
Automotive,CO2,communication
Automotive,CO2,electrical
Automotive,satallite,electrical
Automotive,satallite,radio
IoT,wearable,health
IoT,watch,health
IoT,wearable,appliances
IoT,appliances,cars
IoT,wearable,shoes
Automotive,green energy,communication
Automotive,CO2,communication
Automotive,CO2,electrical
Automotive,satallite,electrical
Automotive,satallite,radio
IoT,wearable,health
IoT,watch,health
IoT,wearable,appliances
IoT,appliances,cars
IoT,wearable,shoes